[{"fields": {"name": "european"}, "model": "rule.edition", "pk": 1}, {"fields": {"unit_price": 1, "dice_roll": 2, "full_name": "Stone", "short_name": "St"}, "model": "rule.commodity", "pk": 1}, {"fields": {"unit_price": 2, "dice_roll": 3, "full_name": "Wool", "short_name": "Wo"}, "model": "rule.commodity", "pk": 2}, {"fields": {"unit_price": 3, "dice_roll": 4, "full_name": "Timber", "short_name": "Ti"}, "model": "rule.commodity", "pk": 3}, {"fields": {"unit_price": 4, "dice_roll": 5, "full_name": "Grain", "short_name": "Gr"}, "model": "rule.commodity", "pk": 4}, {"fields": {"unit_price": 5, "dice_roll": 6, "full_name": "Cloth", "short_name": "Cl"}, "model": "rule.commodity", "pk": 5}, {"fields": {"unit_price": 5, "dice_roll": 7, "full_name": "Wine", "short_name": "Wi"}, "model": "rule.commodity", "pk": 6}, {"fields": {"unit_price": 6, "dice_roll": 8, "full_name": "Metal", "short_name": "Me"}, "model": "rule.commodity", "pk": 7}, {"fields": {"unit_price": 7, "dice_roll": 9, "full_name": "Fur", "short_name": "Fu"}, "model": "rule.commodity", "pk": 8}, {"fields": {"unit_price": 8, "dice_roll": 10, "full_name": "Silk", "short_name": "Si"}, "model": "rule.commodity", "pk": 9}, {"fields": {"unit_price": 9, "dice_roll": 11, "full_name": "Spice", "short_name": "Sp"}, "model": "rule.commodity", "pk": 10}, {"fields": {"unit_price": 10, "dice_roll": 12, "full_name": "Gold", "short_name": "Go"}, "model": "rule.commodity", "pk": 11}, {"fields": {"unit_price": 10, "dice_roll": 12, "full_name": "Ivory", "short_name": "Iv"}, "model": "rule.commodity", "pk": 12}, {"fields": {"category": "S", "short_name": "A", "credits": 20, "prerequisites": [], "edition": 1, "points": 30, "full_name": "The Heavens"}, "model": "rule.advance", "pk": 1}, {"fields": {"category": "S", "short_name": "B", "credits": 20, "prerequisites": [], "edition": 1, "points": 60, "full_name": "Human Body"}, "model": "rule.advance", "pk": 2}, {"fields": {"category": "S", "short_name": "C", "credits": 20, "prerequisites": [], "edition": 1, "points": 90, "full_name": "Laws of Matter"}, "model": "rule.advance", "pk": 3}, {"fields": {"category": "S", "short_name": "D", "credits": 20, "prerequisites": [], "edition": 1, "points": 120, "full_name": "Enlightenment"}, "model": "rule.advance", "pk": 4}, {"fields": {"category": "R", "short_name": "E", "credits": 10, "prerequisites": [], "edition": 1, "points": 30, "full_name": "Patronage"}, "model": "rule.advance", "pk": 5}, {"fields": {"category": "R", "short_name": "F", "credits": 20, "prerequisites": [], "edition": 1, "points": 60, "full_name": "Holy Indulgence"}, "model": "rule.advance", "pk": 6}, {"fields": {"category": "R", "short_name": "G", "credits": 30, "prerequisites": [], "edition": 1, "points": 90, "full_name": "Proselytism"}, "model": "rule.advance", "pk": 7}, {"fields": {"category": "R", "short_name": "H", "credits": 20, "prerequisites": [6], "edition": 1, "points": 120, "full_name": "Cathedral"}, "model": "rule.advance", "pk": 8}, {"fields": {"category": "C", "short_name": "I", "credits": 10, "prerequisites": [], "edition": 1, "points": 20, "full_name": "Caravan"}, "model": "rule.advance", "pk": 9}, {"fields": {"category": "C", "short_name": "J", "credits": 10, "prerequisites": [9], "edition": 1, "points": 40, "full_name": "Improved Agriculture"}, "model": "rule.advance", "pk": 10}, {"fields": {"category": "C", "short_name": "K", "credits": 10, "prerequisites": [10], "edition": 1, "points": 50, "full_name": "Wind / Watermill"}, "model": "rule.advance", "pk": 11}, {"fields": {"category": "C", "short_name": "L", "credits": 10, "prerequisites": [11], "edition": 1, "points": 80, "full_name": "Interest & Profit"}, "model": "rule.advance", "pk": 12}, {"fields": {"category": "C", "short_name": "M", "credits": 0, "prerequisites": [12], "edition": 1, "points": 110, "full_name": "Industry"}, "model": "rule.advance", "pk": 13}, {"fields": {"category": "M", "short_name": "N", "credits": 30, "prerequisites": [], "edition": 1, "points": 30, "full_name": "Written Record"}, "model": "rule.advance", "pk": 14}, {"fields": {"category": "M", "short_name": "O", "credits": 20, "prerequisites": [14], "edition": 1, "points": 60, "full_name": "Printed Word"}, "model": "rule.advance", "pk": 15}, {"fields": {"category": "M", "short_name": "P", "credits": 10, "prerequisites": [15], "edition": 1, "points": 90, "full_name": "Master Art"}, "model": "rule.advance", "pk": 16}, {"fields": {"category": "M", "short_name": "Q", "credits": 0, "prerequisites": [16], "edition": 1, "points": 120, "full_name": "Renaissance"}, "model": "rule.advance", "pk": 17}, {"fields": {"category": "E", "short_name": "R", "credits": 20, "prerequisites": [], "edition": 1, "points": 40, "full_name": "Overland East"}, "model": "rule.advance", "pk": 18}, {"fields": {"category": "E", "short_name": "S", "credits": 20, "prerequisites": [], "edition": 1, "points": 80, "full_name": "Seaworthy Vessels"}, "model": "rule.advance", "pk": 19}, {"fields": {"category": "E", "short_name": "T", "credits": 20, "prerequisites": [1, 19], "edition": 1, "points": 120, "full_name": "Ocean Navigation"}, "model": "rule.advance", "pk": 20}, {"fields": {"category": "E", "short_name": "U", "credits": 0, "prerequisites": [20, 22], "edition": 1, "points": 160, "full_name": "New World"}, "model": "rule.advance", "pk": 21}, {"fields": {"category": "V", "short_name": "V", "credits": 20, "prerequisites": [], "edition": 1, "points": 20, "full_name": "Urban Ascendancy"}, "model": "rule.advance", "pk": 22}, {"fields": {"category": "V", "short_name": "W", "credits": 30, "prerequisites": [], "edition": 1, "points": 60, "full_name": "Nationalism"}, "model": "rule.advance", "pk": 23}, {"fields": {"category": "V", "short_name": "X", "credits": 40, "prerequisites": [], "edition": 1, "points": 100, "full_name": "Institutional Research"}, "model": "rule.advance", "pk": 24}, {"fields": {"category": "V", "short_name": "Y", "credits": 50, "prerequisites": [18], "edition": 1, "points": 150, "full_name": "Cosmopolitan"}, "model": "rule.advance", "pk": 25}, {"fields": {"category": "V", "short_name": "Z", "credits": 60, "prerequisites": [11], "edition": 1, "points": 170, "full_name": "Middle Class"}, "model": "rule.advance", "pk": 26}, {"fields": {"short_name": "E11_A", "recycles": true, "shuffle_later": false, "edition": 1, "epoch": 1, "full_name": "Alchemist's Gold"}, "model": "rule.historycard", "pk": 1}, {"fields": {"short_name": "E12_arm", "recycles": false, "shuffle_later": false, "edition": 1, "epoch": 1, "full_name": "Armor"}, "model": "rule.historycard", "pk": 2}, {"fields": {"short_name": "E13_B", "recycles": true, "shuffle_later": false, "edition": 1, "epoch": 2, "full_name": "Black Death"}, "model": "rule.historycard", "pk": 3}, {"fields": {"short_name": "E14_C", "recycles": true, "shuffle_later": false, "edition": 1, "epoch": 1, "full_name": "Civil War"}, "model": "rule.historycard", "pk": 4}, {"fields": {"short_name": "E15_cru", "recycles": true, "shuffle_later": true, "edition": 1, "epoch": 1, "full_name": "The Crusades"}, "model": "rule.historycard", "pk": 5}, {"fields": {"short_name": "E16_rul", "recycles": true, "shuffle_later": false, "edition": 1, "epoch": 1, "full_name": "Enlightened Ruler"}, "model": "rule.historycard", "pk": 6}, {"fields": {"short_name": "E17_fam", "recycles": true, "shuffle_later": false, "edition": 1, "epoch": 1, "full_name": "Famine"}, "model": "rule.historycard", "pk": 7}, {"fields": {"short_name": "E18_gun", "recycles": false, "shuffle_later": false, "edition": 1, "epoch": 2, "full_name": "Gunpowder"}, "model": "rule.historycard", "pk": 8}, {"fields": {"short_name": "E19_bow", "recycles": false, "shuffle_later": false, "edition": 1, "epoch": 2, "full_name": "Long Bow"}, "model": "rule.historycard", "pk": 9}, {"fields": {"short_name": "E20_mys", "recycles": true, "shuffle_later": false, "edition": 1, "epoch": 1, "full_name": "Mysticism Abounds"}, "model": "rule.historycard", "pk": 10}, {"fields": {"short_name": "E21_mon", "recycles": false, "shuffle_later": false, "edition": 1, "epoch": 2, "full_name": "Mongol Armies"}, "model": "rule.historycard", "pk": 11}, {"fields": {"short_name": "E22_pap", "recycles": true, "shuffle_later": false, "edition": 1, "epoch": 1, "full_name": "Papal Decree"}, "model": "rule.historycard", "pk": 12}, {"fields": {"short_name": "E23_vik", "recycles": true, "shuffle_later": false, "edition": 1, "epoch": 1, "full_name": "Pirates / Vikings"}, "model": "rule.historycard", "pk": 13}, {"fields": {"short_name": "E24_reb", "recycles": true, "shuffle_later": false, "edition": 1, "epoch": 1, "full_name": "Rebellion"}, "model": "rule.historycard", "pk": 14}, {"fields": {"short_name": "E25_rel", "recycles": true, "shuffle_later": false, "edition": 1, "epoch": 2, "full_name": "Religious Strife"}, "model": "rule.historycard", "pk": 15}, {"fields": {"short_name": "E26_rev", "recycles": true, "shuffle_later": false, "edition": 1, "epoch": 1, "full_name": "Revolutionary Uprisings"}, "model": "rule.historycard", "pk": 16}, {"fields": {"short_name": "E27_sti", "recycles": false, "shuffle_later": false, "edition": 1, "epoch": 1, "full_name": "Stirrups"}, "model": "rule.historycard", "pk": 17}, {"fields": {"short_name": "E28_war", "recycles": true, "shuffle_later": false, "edition": 1, "epoch": 1, "full_name": "War!"}, "model": "rule.historycard", "pk": 18}, {"fields": {"short_name": "L11_W", "recycles": false, "shuffle_later": false, "edition": 1, "epoch": 1, "full_name": "Charlemagne"}, "model": "rule.historycard", "pk": 19}, {"fields": {"short_name": "L12_N", "recycles": false, "shuffle_later": false, "edition": 1, "epoch": 1, "full_name": "Dionysus Exiguus\u00a0"}, "model": "rule.historycard", "pk": 20}, {"fields": {"short_name": "L13_NR", "recycles": false, "shuffle_later": true, "edition": 1, "epoch": 1, "full_name": "Rashid ad Din\u00a0"}, "model": "rule.historycard", "pk": 21}, {"fields": {"short_name": "L14_EN", "recycles": false, "shuffle_later": false, "edition": 1, "epoch": 1, "full_name": "St. Benedict\u00a0"}, "model": "rule.historycard", "pk": 22}, {"fields": {"short_name": "L15_R", "recycles": false, "shuffle_later": true, "edition": 1, "epoch": 1, "full_name": "Walter the Penniless\u00a0"}, "model": "rule.historycard", "pk": 23}, {"fields": {"short_name": "L21_TU", "recycles": false, "shuffle_later": false, "edition": 1, "epoch": 2, "full_name": "Christopher Columbus\u00a0"}, "model": "rule.historycard", "pk": 24}, {"fields": {"short_name": "L22_OQ", "recycles": false, "shuffle_later": false, "edition": 1, "epoch": 2, "full_name": "Desiderius Erasmus\u00a0"}, "model": "rule.historycard", "pk": 25}, {"fields": {"short_name": "L23_TY", "recycles": false, "shuffle_later": false, "edition": 1, "epoch": 2, "full_name": "Ibn Majid\u00a0"}, "model": "rule.historycard", "pk": 26}, {"fields": {"short_name": "L24_O", "recycles": false, "shuffle_later": false, "edition": 1, "epoch": 2, "full_name": "Johann Gutenberg\u00a0"}, "model": "rule.historycard", "pk": 27}, {"fields": {"short_name": "L25_RY", "recycles": false, "shuffle_later": false, "edition": 1, "epoch": 2, "full_name": "Marco Polo\u00a0"}, "model": "rule.historycard", "pk": 28}, {"fields": {"short_name": "L26_AX", "recycles": false, "shuffle_later": false, "edition": 1, "epoch": 2, "full_name": "Nicolaus Copernicus\u00a0"}, "model": "rule.historycard", "pk": 29}, {"fields": {"short_name": "L27_TX", "recycles": false, "shuffle_later": false, "edition": 1, "epoch": 2, "full_name": "Prince Henry\u00a0"}, "model": "rule.historycard", "pk": 30}, {"fields": {"short_name": "L28_O", "recycles": false, "shuffle_later": false, "edition": 1, "epoch": 2, "full_name": "William Caxton\u00a0"}, "model": "rule.historycard", "pk": 31}, {"fields": {"short_name": "L31_BD", "recycles": false, "shuffle_later": false, "edition": 1, "epoch": 3, "full_name": "Andreas Vesalius\u00a0"}, "model": "rule.historycard", "pk": 32}, {"fields": {"short_name": "L32_Y", "recycles": false, "shuffle_later": false, "edition": 1, "epoch": 3, "full_name": "Bartolome de Las Casas\u00a0"}, "model": "rule.historycard", "pk": 33}, {"fields": {"short_name": "L33_AQ", "recycles": false, "shuffle_later": false, "edition": 1, "epoch": 3, "full_name": "Galileo Galilei\u00a0"}, "model": "rule.historycard", "pk": 34}, {"fields": {"short_name": "L34_D", "recycles": false, "shuffle_later": false, "edition": 1, "epoch": 3, "full_name": "Henry Oldenburg\u00a0"}, "model": "rule.historycard", "pk": 35}, {"fields": {"short_name": "L35_BPQ", "recycles": false, "shuffle_later": false, "edition": 1, "epoch": 3, "full_name": "Leonardo Da Vinci\u00a0"}, "model": "rule.historycard", "pk": 36}, {"fields": {"short_name": "L36_CD", "recycles": false, "shuffle_later": false, "edition": 1, "epoch": 3, "full_name": "Sir Isaac Newton\u00a0"}, "model": "rule.historycard", "pk": 37}, {"fields": {"short_name": "C11_ClWi", "recycles": true, "shuffle_later": false, "edition": 1, "epoch": 1, "full_name": "Cloth / Wine"}, "model": "rule.historycard", "pk": 38}, {"fields": {"short_name": "C12_Fu", "recycles": true, "shuffle_later": false, "edition": 1, "epoch": 1, "full_name": "Fur"}, "model": "rule.historycard", "pk": 39}, {"fields": {"short_name": "C13_GoIv", "recycles": true, "shuffle_later": false, "edition": 1, "epoch": 1, "full_name": "Gold / Ivory"}, "model": "rule.historycard", "pk": 40}, {"fields": {"short_name": "C14_Me", "recycles": true, "shuffle_later": false, "edition": 1, "epoch": 1, "full_name": "Metal"}, "model": "rule.historycard", "pk": 41}, {"fields": {"short_name": "C15_Si", "recycles": true, "shuffle_later": true, "edition": 1, "epoch": 1, "full_name": "Silk"}, "model": "rule.historycard", "pk": 42}, {"fields": {"short_name": "C16_Sp", "recycles": true, "shuffle_later": true, "edition": 1, "epoch": 1, "full_name": "Spice"}, "model": "rule.historycard", "pk": 43}, {"fields": {"short_name": "C17a_St", "recycles": true, "shuffle_later": false, "edition": 1, "epoch": 1, "full_name": "Stone"}, "model": "rule.historycard", "pk": 44}, {"fields": {"short_name": "C17b_St", "recycles": true, "shuffle_later": false, "edition": 1, "epoch": 1, "full_name": "Stone"}, "model": "rule.historycard", "pk": 45}, {"fields": {"short_name": "C18_Ti", "recycles": true, "shuffle_later": false, "edition": 1, "epoch": 1, "full_name": "Timber"}, "model": "rule.historycard", "pk": 46}, {"fields": {"short_name": "C19a_Wo", "recycles": true, "shuffle_later": false, "edition": 1, "epoch": 1, "full_name": "Wool"}, "model": "rule.historycard", "pk": 47}, {"fields": {"short_name": "C19b_Wo", "recycles": true, "shuffle_later": false, "edition": 1, "epoch": 1, "full_name": "Wool"}, "model": "rule.historycard", "pk": 48}, {"fields": {"short_name": "C21_Cl", "recycles": true, "shuffle_later": false, "edition": 1, "epoch": 2, "full_name": "Cloth"}, "model": "rule.historycard", "pk": 49}, {"fields": {"short_name": "C22a_Gr", "recycles": true, "shuffle_later": false, "edition": 1, "epoch": 2, "full_name": "Grain"}, "model": "rule.historycard", "pk": 50}, {"fields": {"short_name": "C22b_Gr", "recycles": true, "shuffle_later": false, "edition": 1, "epoch": 2, "full_name": "Grain"}, "model": "rule.historycard", "pk": 51}, {"fields": {"short_name": "C23_Me", "recycles": true, "shuffle_later": false, "edition": 1, "epoch": 2, "full_name": "Metal"}, "model": "rule.historycard", "pk": 52}, {"fields": {"short_name": "C24_Si", "recycles": true, "shuffle_later": false, "edition": 1, "epoch": 2, "full_name": "Silk"}, "model": "rule.historycard", "pk": 53}, {"fields": {"short_name": "C25_Spice", "recycles": true, "shuffle_later": false, "edition": 1, "epoch": 2, "full_name": "Spice"}, "model": "rule.historycard", "pk": 54}, {"fields": {"short_name": "C26a_Ti", "recycles": true, "shuffle_later": false, "edition": 1, "epoch": 1, "full_name": "Timber"}, "model": "rule.historycard", "pk": 55}, {"fields": {"short_name": "C26b_Ti", "recycles": true, "shuffle_later": false, "edition": 1, "epoch": 2, "full_name": "Timber"}, "model": "rule.historycard", "pk": 56}, {"fields": {"short_name": "C27_Wi", "recycles": true, "shuffle_later": false, "edition": 1, "epoch": 2, "full_name": "Wine"}, "model": "rule.historycard", "pk": 57}, {"fields": {"short_name": "C31_Cl", "recycles": true, "shuffle_later": false, "edition": 1, "epoch": 3, "full_name": "Cloth"}, "model": "rule.historycard", "pk": 58}, {"fields": {"short_name": "C32_Fu", "recycles": true, "shuffle_later": false, "edition": 1, "epoch": 3, "full_name": "Fur"}, "model": "rule.historycard", "pk": 59}, {"fields": {"short_name": "C33_Go", "recycles": true, "shuffle_later": false, "edition": 1, "epoch": 3, "full_name": "Gold"}, "model": "rule.historycard", "pk": 60}, {"fields": {"short_name": "C34_Me", "recycles": true, "shuffle_later": false, "edition": 1, "epoch": 3, "full_name": "Metal"}, "model": "rule.historycard", "pk": 61}, {"fields": {"short_name": "C35_Si", "recycles": true, "shuffle_later": false, "edition": 1, "epoch": 3, "full_name": "Silk"}, "model": "rule.historycard", "pk": 62}, {"fields": {"short_name": "C36_Sp", "recycles": true, "shuffle_later": false, "edition": 1, "epoch": 3, "full_name": "Spice"}, "model": "rule.historycard", "pk": 63}, {"fields": {"short_name": "C37_Wi", "recycles": true, "shuffle_later": false, "edition": 1, "epoch": 3, "full_name": "Wine"}, "model": "rule.historycard", "pk": 64}, {"fields": {"description": "A player of your choice must pay half of\u00a0written\u00a0cash to Banker. Penalty cannot exceed current cash. Cash already spent on Patronage defense is not vulnerable. Voided by Laws of Matter. If all players have Laws of Matter, this card becomes unplayable Misery burden.\r\n"}, "model": "rule.eventcard", "pk": 1}, {"fields": {"description": "A temporary Arms advantage enhances your trading ventures. You win all Attack ties this turn (including War). Add 1 to your competition totals this turn on both offense and defense. Voided by Long Bow or Gunpowder. If voided, Armor becomes unplayable Misery burden.\r\n"}, "model": "rule.eventcard", "pk": 2}, {"fields": {"description": "Select one Area to be hit by the plague. All \u007fs in that area are returned to their respective Stocks. Then reduce all \u2022 markers of all players in that Area to a single \u007f per Province.\r\n"}, "model": "rule.eventcard", "pk": 3}, {"fields": {"description": "A player of your choice is struck by Civil War. He gains one Misery. Any \u2022 in his Capital is reduced to a \u007f. He must lose his choice of half of his last recorded cash or half of his tokens. At start of the Expansion Phase, his Order of Play position becomes \"last\".\r\n"}, "model": "rule.eventcard", "pk": 4}, {"fields": {"description": "Place one of your \u2022 markers anywhere within Area VI and remove any other markers in that Province. Gain one Misery. This card increases the credits for Walter the Penniless if he is also played this turn.Voided by Mongol Armies in Epoch 2 or 3 and becomes an unplayable Misery burden.\r\n"}, "model": "rule.eventcard", "pk": 5}, {"fields": {"description": "Play on yourself to void the effects of Mysticism, Religious Strife, Civil War, Revolutionary Uprisings, Rebellion, and Alchemist's Gold for the rest of the turn. This card will not void these effects if already inflicted.\r\n"}, "model": "rule.eventcard", "pk": 6}, {"fields": {"description": "All players gain four spaces on the Misery Index minus one space for each Grain Province they dominate. Holding Improved Agriculture also reduces the penalty by one space.\r\n"}, "model": "rule.eventcard", "pk": 7}, {"fields": {"description": "A temporary Arms advantage enhances your trading ventures. You win all Attack ties this turn (including War). Add 1 to all your competition totals this turn on both offense and defense. Voids Armor and Stirrups and turns them into Misery burdens.\r\n"}, "model": "rule.eventcard", "pk": 8}, {"fields": {"description": "A temporary Arms advantage enhances your trading ventures. You win all Attack ties this turn (including War). Add 1 to all your competition totals this turn on both offense and defense except against player currently using Gunpowder. Voids Armor and Stirrups and turns them into Misery burdens.\r\n"}, "model": "rule.eventcard", "pk": 9}, {"fields": {"description": "All players gain four spaces on the Misery Index minus one space for each Science Advance held. This card becomes worthless Misery burden if all players own all four Sciences.\r\n"}, "model": "rule.eventcard", "pk": 10}, {"fields": {"description": "Collect $10 from the Bank. Marco Polo credits are doubled if played hereafter. The Crusades event becomes an unplayable Misery burden.\r\n"}, "model": "rule.eventcard", "pk": 11}, {"fields": {"description": "\"You may ban the acquisition by all players of any Advance in one of the following three categories:\r\nScience,\r\nReligion,\r\nExploration;\r\nVoided by Religious Strife played in same turn. When Religious Strife occurs in Epoch 3, this card becomes unplayable Misery burden.\"\r\n"}, "model": "rule.eventcard", "pk": 12}, {"fields": {"description": "\"Reduce any \u2022 to a \u007f in any coastal Province of your choice.\r\nIf played during Epoch II, reduce two \u2022s. If played during Epoch III, reduce three \u2022s.\"\r\n"}, "model": "rule.eventcard", "pk": 13}, {"fields": {"description": "Local conflict occurs in any Province of your choice except New World and foreign capitals. Any \u2022 in that Province is reduced to a \u007f.\r\n"}, "model": "rule.eventcard", "pk": 14}, {"fields": {"description": "\"All players increase Misery one space for each Religion Advance they hold.\r\nVoids Papal Decree if played in same turn. If played in Epoch 3, the Papal Decree card becomes an unplayable Misery burden.\"\r\n"}, "model": "rule.eventcard", "pk": 15}, {"fields": {"description": "Each player gains one space on the Misery Index for each Commerce Advance he holds.\r\n"}, "model": "rule.eventcard", "pk": 16}, {"fields": {"description": "A temporary Arms advantage enhances your trading ventures. You win all Attack ties this turn (including War). Add 1 to all your competition totals this turn on both offense and defense except against player currently using Armor. Voided by Long Bow or Gunpowder. If voided, Stirrups becomes unplayable Misery burden.\r\n"}, "model": "rule.eventcard", "pk": 17}, {"fields": {"description": "Declare War on any player. Each player rolls one die. Nationalism and Military Advantages modify their owner's die roll by +1. Highest total gains one Misery, lowest total gains two Misery. The difference between the modified die rolls is the amount of supportable \u2022s the loser must cede to the winner (loser's choice). If tied, both sides gain one Misery and continue resolution in each succeeding round of the Play Cards phase until one side wins.\r\n"}, "model": "rule.eventcard", "pk": 18}, {"fields": {"advances": [23], "discount_during_event": false, "discount": 20, "discount_after_event": false, "discount_on_event": null, "event": null}, "model": "rule.leadercard", "pk": 19}, {"fields": {"advances": [14], "discount_during_event": false, "discount": 20, "discount_after_event": false, "discount_on_event": null, "event": null}, "model": "rule.leadercard", "pk": 20}, {"fields": {"advances": [14, 18], "discount_during_event": false, "discount": 10, "discount_after_event": false, "discount_on_event": null, "event": null}, "model": "rule.leadercard", "pk": 21}, {"fields": {"advances": [5, 14], "discount_during_event": false, "discount": 10, "discount_after_event": false, "discount_on_event": null, "event": null}, "model": "rule.leadercard", "pk": 22}, {"fields": {"advances": [18], "discount_during_event": false, "discount": 20, "discount_after_event": false, "discount_on_event": null, "event": null}, "model": "rule.leadercard", "pk": 23}, {"fields": {"advances": [20, 21], "discount_during_event": false, "discount": 30, "discount_after_event": false, "discount_on_event": null, "event": null}, "model": "rule.leadercard", "pk": 24}, {"fields": {"advances": [15, 17], "discount_during_event": false, "discount": 20, "discount_after_event": false, "discount_on_event": null, "event": null}, "model": "rule.leadercard", "pk": 25}, {"fields": {"advances": [20, 25], "discount_during_event": false, "discount": 20, "discount_after_event": false, "discount_on_event": null, "event": null}, "model": "rule.leadercard", "pk": 26}, {"fields": {"advances": [15], "discount_during_event": false, "discount": 30, "discount_after_event": false, "discount_on_event": null, "event": null}, "model": "rule.leadercard", "pk": 27}, {"fields": {"advances": [18, 25], "discount_during_event": false, "discount": 20, "discount_after_event": false, "discount_on_event": null, "event": null}, "model": "rule.leadercard", "pk": 28}, {"fields": {"advances": [1, 24], "discount_during_event": false, "discount": 20, "discount_after_event": false, "discount_on_event": null, "event": null}, "model": "rule.leadercard", "pk": 29}, {"fields": {"advances": [20, 24], "discount_during_event": false, "discount": 20, "discount_after_event": false, "discount_on_event": null, "event": null}, "model": "rule.leadercard", "pk": 30}, {"fields": {"advances": [15], "discount_during_event": false, "discount": 20, "discount_after_event": false, "discount_on_event": null, "event": null}, "model": "rule.leadercard", "pk": 31}, {"fields": {"advances": [2, 4], "discount_during_event": false, "discount": 20, "discount_after_event": false, "discount_on_event": null, "event": null}, "model": "rule.leadercard", "pk": 32}, {"fields": {"advances": [25], "discount_during_event": false, "discount": 30, "discount_after_event": false, "discount_on_event": null, "event": null}, "model": "rule.leadercard", "pk": 33}, {"fields": {"advances": [1, 17], "discount_during_event": false, "discount": 20, "discount_after_event": false, "discount_on_event": null, "event": null}, "model": "rule.leadercard", "pk": 34}, {"fields": {"advances": [4], "discount_during_event": false, "discount": 30, "discount_after_event": false, "discount_on_event": null, "event": null}, "model": "rule.leadercard", "pk": 35}, {"fields": {"advances": [2, 16, 17], "discount_during_event": false, "discount": 20, "discount_after_event": false, "discount_on_event": null, "event": null}, "model": "rule.leadercard", "pk": 36}, {"fields": {"advances": [3, 4], "discount_during_event": false, "discount": 20, "discount_after_event": false, "discount_on_event": null, "event": null}, "model": "rule.leadercard", "pk": 37}, {"fields": {"commodities": [5, 6]}, "model": "rule.commoditycard", "pk": 38}, {"fields": {"commodities": [8]}, "model": "rule.commoditycard", "pk": 39}, {"fields": {"commodities": [11, 12]}, "model": "rule.commoditycard", "pk": 40}, {"fields": {"commodities": [7]}, "model": "rule.commoditycard", "pk": 41}, {"fields": {"commodities": [9]}, "model": "rule.commoditycard", "pk": 42}, {"fields": {"commodities": [10]}, "model": "rule.commoditycard", "pk": 43}, {"fields": {"commodities": [1]}, "model": "rule.commoditycard", "pk": 44}, {"fields": {"commodities": [1]}, "model": "rule.commoditycard", "pk": 45}, {"fields": {"commodities": [3]}, "model": "rule.commoditycard", "pk": 46}, {"fields": {"commodities": [2]}, "model": "rule.commoditycard", "pk": 47}, {"fields": {"commodities": [2]}, "model": "rule.commoditycard", "pk": 48}, {"fields": {"commodities": [5]}, "model": "rule.commoditycard", "pk": 49}, {"fields": {"commodities": [4]}, "model": "rule.commoditycard", "pk": 50}, {"fields": {"commodities": [4]}, "model": "rule.commoditycard", "pk": 51}, {"fields": {"commodities": [7]}, "model": "rule.commoditycard", "pk": 52}, {"fields": {"commodities": [9]}, "model": "rule.commoditycard", "pk": 53}, {"fields": {"commodities": [10]}, "model": "rule.commoditycard", "pk": 54}, {"fields": {"commodities": [3]}, "model": "rule.commoditycard", "pk": 55}, {"fields": {"commodities": [3]}, "model": "rule.commoditycard", "pk": 56}, {"fields": {"commodities": [6]}, "model": "rule.commoditycard", "pk": 57}, {"fields": {"commodities": [5]}, "model": "rule.commoditycard", "pk": 58}, {"fields": {"commodities": [8]}, "model": "rule.commoditycard", "pk": 59}, {"fields": {"commodities": [11]}, "model": "rule.commoditycard", "pk": 60}, {"fields": {"commodities": [7]}, "model": "rule.commoditycard", "pk": 61}, {"fields": {"commodities": [9]}, "model": "rule.commoditycard", "pk": 62}, {"fields": {"commodities": [10]}, "model": "rule.commoditycard", "pk": 63}, {"fields": {"commodities": [6]}, "model": "rule.commoditycard", "pk": 64}, {"fields": {"short_name": "Ham", "area": "1", "commodities": [3], "edition": 1, "province_type": "C", "connected": [2, 8, 28, 29], "full_name": "Hamburug", "supports": [8, 29], "market_size": 4}, "model": "rule.province", "pk": 1}, {"fields": {"short_name": "Lub", "area": "1", "commodities": [1], "edition": 1, "province_type": "P", "connected": [1, 3, 8, 26, 27, 28], "full_name": "Lubeck", "supports": [3, 8], "market_size": 3}, "model": "rule.province", "pk": 2}, {"fields": {"short_name": "Ste", "area": "1", "commodities": [], "edition": 1, "province_type": "S", "connected": [2, 4, 25, 26], "full_name": "Stettin", "supports": [2, 4, 26], "market_size": 1}, "model": "rule.province", "pk": 3}, {"fields": {"short_name": "Dan", "area": "1", "commodities": [4], "edition": 1, "province_type": "P", "connected": [3, 5, 25], "full_name": "Danzig", "supports": [3, 5, 25], "market_size": 5}, "model": "rule.province", "pk": 4}, {"fields": {"short_name": "Mit", "area": "1", "commodities": [], "edition": 1, "province_type": "S", "connected": [4, 6], "full_name": "Mitau", "supports": [4, 6], "market_size": 1}, "model": "rule.province", "pk": 5}, {"fields": {"short_name": "Rig", "area": "1", "commodities": [3], "edition": 1, "province_type": "P", "connected": [5, 7], "full_name": "Riga", "supports": [5], "market_size": 2}, "model": "rule.province", "pk": 6}, {"fields": {"short_name": "Nov", "area": "1", "commodities": [8], "edition": 1, "province_type": "P", "connected": [6, 49], "full_name": "Novgorod", "supports": [], "market_size": 2}, "model": "rule.province", "pk": 7}, {"fields": {"short_name": "Cop", "area": "1", "commodities": [], "edition": 1, "province_type": "S", "connected": [1, 2], "full_name": "Copenhagen", "supports": [1, 2], "market_size": 1}, "model": "rule.province", "pk": 8}, {"fields": {"short_name": "Mal", "area": "1", "commodities": [], "edition": 1, "province_type": "S", "connected": [10, 12], "full_name": "Malmo", "supports": [10], "market_size": 1}, "model": "rule.province", "pk": 9}, {"fields": {"short_name": "Sto", "area": "1", "commodities": [7], "edition": 1, "province_type": "P", "connected": [9], "full_name": "Stockholm", "supports": [9, 11], "market_size": 3}, "model": "rule.province", "pk": 10}, {"fields": {"short_name": "Whi", "area": "1", "commodities": [], "edition": 1, "province_type": "S", "connected": [], "full_name": "Whisby", "supports": [10], "market_size": 1}, "model": "rule.province", "pk": 11}, {"fields": {"short_name": "Kon", "area": "2", "commodities": [], "edition": 1, "province_type": "S", "connected": [9, 13], "full_name": "Kongsberg", "supports": [13], "market_size": 1}, "model": "rule.province", "pk": 12}, {"fields": {"short_name": "Ber", "area": "2", "commodities": [3], "edition": 1, "province_type": "P", "connected": [12], "full_name": "Bergen", "supports": [12, 14], "market_size": 3}, "model": "rule.province", "pk": 13}, {"fields": {"short_name": "She", "area": "2", "commodities": [], "edition": 1, "province_type": "S", "connected": [], "full_name": "Shetland", "supports": [13, 16], "market_size": 1}, "model": "rule.province", "pk": 14}, {"fields": {"short_name": "Ice", "area": "2", "commodities": [12], "edition": 1, "province_type": "P", "connected": [], "full_name": "Iceland", "supports": [], "market_size": 2}, "model": "rule.province", "pk": 15}, {"fields": {"short_name": "Edi", "area": "2", "commodities": [2], "edition": 1, "province_type": "P", "connected": [17, 21], "full_name": "Edinburg", "supports": [14, 23], "market_size": 2}, "model": "rule.province", "pk": 16}, {"fields": {"short_name": "Yor", "area": "2", "commodities": [2], "edition": 1, "province_type": "P", "connected": [16, 18, 21], "full_name": "York", "supports": [], "market_size": 3}, "model": "rule.province", "pk": 17}, {"fields": {"short_name": "Lon", "area": "2", "commodities": [2], "edition": 1, "province_type": "C", "connected": [17, 19, 21], "full_name": "London", "supports": [], "market_size": 5}, "model": "rule.province", "pk": 18}, {"fields": {"short_name": "Por", "area": "2", "commodities": [4], "edition": 1, "province_type": "P", "connected": [18, 20, 21], "full_name": "Portsmouth", "supports": [20], "market_size": 5}, "model": "rule.province", "pk": 19}, {"fields": {"short_name": "Cor", "area": "2", "commodities": [], "edition": 1, "province_type": "S", "connected": [19], "full_name": "Cornwall", "supports": [19, 21], "market_size": 1}, "model": "rule.province", "pk": 20}, {"fields": {"short_name": "Che", "area": "2", "commodities": [7], "edition": 1, "province_type": "P", "connected": [16, 17, 18, 19, 22], "full_name": "Chester", "supports": [20, 22, 23], "market_size": 3}, "model": "rule.province", "pk": 21}, {"fields": {"short_name": "Wal", "area": "2", "commodities": [], "edition": 1, "province_type": "S", "connected": [21], "full_name": "Wales", "supports": [21, 24], "market_size": 1}, "model": "rule.province", "pk": 22}, {"fields": {"short_name": "Arm", "area": "2", "commodities": [], "edition": 1, "province_type": "S", "connected": [24], "full_name": "Armagh", "supports": [16, 21, 24], "market_size": 1}, "model": "rule.province", "pk": 23}, {"fields": {"short_name": "Wat", "area": "2", "commodities": [2], "edition": 1, "province_type": "P", "connected": [23], "full_name": "Waterford", "supports": [22, 23], "market_size": 2}, "model": "rule.province", "pk": 24}, {"fields": {"short_name": "Bre", "area": "3", "commodities": [], "edition": 1, "province_type": "S", "connected": [3, 4, 26, 38, 39], "full_name": "Breslau", "supports": [4, 26, 39], "market_size": 1}, "model": "rule.province", "pk": 25}, {"fields": {"short_name": "Pra", "area": "3", "commodities": [11], "edition": 1, "province_type": "P", "connected": [2, 3, 25, 27, 38], "full_name": "Prague", "supports": [3, 25, 38], "market_size": 2}, "model": "rule.province", "pk": 26}, {"fields": {"short_name": "Nur", "area": "3", "commodities": [7], "edition": 1, "province_type": "P", "connected": [2, 26, 28, 36, 37, 38], "full_name": "Nuremberg", "supports": [38], "market_size": 3}, "model": "rule.province", "pk": 27}, {"fields": {"short_name": "Col", "area": "3", "commodities": [5], "edition": 1, "province_type": "P", "connected": [1, 2, 27, 29, 30, 37], "full_name": "Cologne", "supports": [29], "market_size": 4}, "model": "rule.province", "pk": 28}, {"fields": {"short_name": "Ams", "area": "3", "commodities": [], "edition": 1, "province_type": "S", "connected": [1, 28, 30], "full_name": "Amsterdam", "supports": [1, 28, 30], "market_size": 1}, "model": "rule.province", "pk": 29}, {"fields": {"short_name": "Bru", "area": "3", "commodities": [5], "edition": 1, "province_type": "P", "connected": [28, 29, 31, 37], "full_name": "Bruges", "supports": [29], "market_size": 4}, "model": "rule.province", "pk": 30}, {"fields": {"short_name": "Par", "area": "3", "commodities": [1], "edition": 1, "province_type": "C", "connected": [30, 32, 33, 34, 37, 71], "full_name": "Paris", "supports": [], "market_size": 4}, "model": "rule.province", "pk": 31}, {"fields": {"short_name": "StM", "area": "3", "commodities": [1], "edition": 1, "province_type": "P", "connected": [31, 33, 71], "full_name": "St.Malo", "supports": [], "market_size": 2}, "model": "rule.province", "pk": 32}, {"fields": {"short_name": "Loi", "area": "3", "commodities": [6], "edition": 1, "province_type": "P", "connected": [31, 32, 71], "full_name": "Loire", "supports": [], "market_size": 3}, "model": "rule.province", "pk": 33}, {"fields": {"short_name": "Dij", "area": "3", "commodities": [4], "edition": 1, "province_type": "P", "connected": [31, 35, 37, 71, 73], "full_name": "Dijon", "supports": [], "market_size": 3}, "model": "rule.province", "pk": 34}, {"fields": {"short_name": "Bas", "area": "3", "commodities": [8], "edition": 1, "province_type": "P", "connected": [34, 36, 37, 73, 76], "full_name": "Basel", "supports": [36], "market_size": 3}, "model": "rule.province", "pk": 35}, {"fields": {"short_name": "StG", "area": "3", "commodities": [], "edition": 1, "province_type": "S", "connected": [27, 35, 37, 38, 76, 78], "full_name": "St.Gali", "supports": [35, 37, 76, 78], "market_size": 1}, "model": "rule.province", "pk": 36}, {"fields": {"short_name": "Str", "area": "3", "commodities": [6], "edition": 1, "province_type": "P", "connected": [27, 28, 30, 31, 34, 35, 36], "full_name": "Strassburg", "supports": [36], "market_size": 3}, "model": "rule.province", "pk": 37}, {"fields": {"short_name": "Slz", "area": "3", "commodities": [], "edition": 1, "province_type": "S", "connected": [25, 26, 27, 36, 39, 78], "full_name": "Salzburg", "supports": [26, 27, 39, 78], "market_size": 1}, "model": "rule.province", "pk": 38}, {"fields": {"short_name": "Vie", "area": "3", "commodities": [1], "edition": 1, "province_type": "P", "connected": [25, 38, 40, 41, 78, 85], "full_name": "Vienna", "supports": [25, 38, 41], "market_size": 4}, "model": "rule.province", "pk": 39}, {"fields": {"short_name": "Bud", "area": "3", "commodities": [5], "edition": 1, "province_type": "P", "connected": [39, 41, 86], "full_name": "Budapest", "supports": [41], "market_size": 3}, "model": "rule.province", "pk": 40}, {"fields": {"short_name": "Ess", "area": "3", "commodities": [], "edition": 1, "province_type": "S", "connected": [39, 40, 85, 86], "full_name": "Esseg", "supports": [39, 40, 85, 86], "market_size": 1}, "model": "rule.province", "pk": 41}, {"fields": {"short_name": "Bsq", "area": "4", "commodities": [2], "edition": 1, "province_type": "P", "connected": [43, 45, 47, 72], "full_name": "Basque", "supports": [47, 72], "market_size": 2}, "model": "rule.province", "pk": 42}, {"fields": {"short_name": "Bar", "area": "4", "commodities": [6], "edition": 1, "province_type": "C", "connected": [42, 44, 45, 72, 74], "full_name": "Barcelona", "supports": [48, 72], "market_size": 3}, "model": "rule.province", "pk": 43}, {"fields": {"short_name": "Val", "area": "4", "commodities": [9], "edition": 1, "province_type": "P", "connected": [43, 45, 89], "full_name": "Valencia", "supports": [48], "market_size": 2}, "model": "rule.province", "pk": 44}, {"fields": {"short_name": "Tol", "area": "4", "commodities": [2], "edition": 1, "province_type": "P", "connected": [42, 43, 44, 46, 47, 88, 89], "full_name": "Toledo", "supports": [47], "market_size": 3}, "model": "rule.province", "pk": 45}, {"fields": {"short_name": "Lis", "area": "4", "commodities": [6], "edition": 1, "province_type": "P", "connected": [45, 47, 88], "full_name": "Lisbon", "supports": [47], "market_size": 3}, "model": "rule.province", "pk": 46}, {"fields": {"short_name": "Leo", "area": "4", "commodities": [], "edition": 1, "province_type": "S", "connected": [42, 45, 46], "full_name": "Leon", "supports": [42, 45, 46], "market_size": 1}, "model": "rule.province", "pk": 47}, {"fields": {"short_name": "Pal", "area": "4", "commodities": [], "edition": 1, "province_type": "S", "connected": [], "full_name": "Palma", "supports": [43, 44], "market_size": 1}, "model": "rule.province", "pk": 48}, {"fields": {"short_name": "Kie", "area": "5", "commodities": [4], "edition": 1, "province_type": "P", "connected": [7, 50], "full_name": "Kiev", "supports": [50], "market_size": 2}, "model": "rule.province", "pk": 49}, {"fields": {"short_name": "Kaf", "area": "5", "commodities": [], "edition": 1, "province_type": "S", "connected": [49, 51, 57], "full_name": "Kaffa", "supports": [49, 51, 57], "market_size": 1}, "model": "rule.province", "pk": 50}, {"fields": {"short_name": "Var", "area": "5", "commodities": [8], "edition": 1, "province_type": "P", "connected": [50, 99], "full_name": "Varna", "supports": [50, 99], "market_size": 2}, "model": "rule.province", "pk": 51}, {"fields": {"short_name": "Ang", "area": "5", "commodities": [2], "edition": 1, "province_type": "P", "connected": [53, 98], "full_name": "Angora", "supports": [], "market_size": 2}, "model": "rule.province", "pk": 52}, {"fields": {"short_name": "Tre", "area": "5", "commodities": [10], "edition": 1, "province_type": "P", "connected": [52, 54], "full_name": "Trebizond", "supports": [], "market_size": 4}, "model": "rule.province", "pk": 53}, {"fields": {"short_name": "Erz", "area": "5", "commodities": [9], "edition": 1, "province_type": "P", "connected": [53, 55], "full_name": "Erzerum", "supports": [], "market_size": 3}, "model": "rule.province", "pk": 54}, {"fields": {"short_name": "Pot", "area": "5", "commodities": [3], "edition": 1, "province_type": "P", "connected": [54, 56], "full_name": "Poti", "supports": [56], "market_size": 2}, "model": "rule.province", "pk": 55}, {"fields": {"short_name": "Aba", "area": "5", "commodities": [], "edition": 1, "province_type": "S", "connected": [55, 57], "full_name": "Abasigia", "supports": [55, 57], "market_size": 1}, "model": "rule.province", "pk": 56}, {"fields": {"short_name": "Tan", "area": "5", "commodities": [8], "edition": 1, "province_type": "P", "connected": [50, 56, 58], "full_name": "Tana", "supports": [50, 56, 58], "market_size": 2}, "model": "rule.province", "pk": 57}, {"fields": {"short_name": "Kam", "area": "5", "commodities": [], "edition": 1, "province_type": "S", "connected": [57, 59], "full_name": "Kamishin", "supports": [57, 59], "market_size": 1}, "model": "rule.province", "pk": 58}, {"fields": {"short_name": "Sar", "area": "5", "commodities": [11], "edition": 1, "province_type": "P", "connected": [58], "full_name": "Sarai", "supports": [58], "market_size": 2}, "model": "rule.province", "pk": 59}, {"fields": {"short_name": "Ada", "area": "6", "commodities": [], "edition": 1, "province_type": "S", "connected": [61, 97], "full_name": "Adalia", "supports": [62, 97], "market_size": 1}, "model": "rule.province", "pk": 60}, {"fields": {"short_name": "Tar", "area": "6", "commodities": [], "edition": 1, "province_type": "S", "connected": [60, 63], "full_name": "Tarsus", "supports": [62, 63], "market_size": 1}, "model": "rule.province", "pk": 61}, {"fields": {"short_name": "Cyp", "area": "6", "commodities": [6], "edition": 1, "province_type": "P", "connected": [], "full_name": "Cyprus", "supports": [60, 61, 64], "market_size": 3}, "model": "rule.province", "pk": 62}, {"fields": {"short_name": "Ale", "area": "5", "commodities": [9], "edition": 1, "province_type": "P", "connected": [61, 64], "full_name": "Aleppo", "supports": [61, 64], "market_size": 4}, "model": "rule.province", "pk": 63}, {"fields": {"short_name": "Lev", "area": "6", "commodities": [], "edition": 1, "province_type": "S", "connected": [63, 65], "full_name": "Levant", "supports": [62, 63], "market_size": 1}, "model": "rule.province", "pk": 64}, {"fields": {"short_name": "Acr", "area": "6", "commodities": [10], "edition": 1, "province_type": "P", "connected": [64, 66], "full_name": "Acre", "supports": [66], "market_size": 5}, "model": "rule.province", "pk": 65}, {"fields": {"short_name": "Jer", "area": "6", "commodities": [], "edition": 1, "province_type": "S", "connected": [65, 67], "full_name": "Jerusalem", "supports": [65, 67], "market_size": 1}, "model": "rule.province", "pk": 66}, {"fields": {"short_name": "Sue", "area": "6", "commodities": [11], "edition": 1, "province_type": "P", "connected": [66, 68], "full_name": "Suez", "supports": [66], "market_size": 3}, "model": "rule.province", "pk": 67}, {"fields": {"short_name": "Cai", "area": "6", "commodities": [12], "edition": 1, "province_type": "P", "connected": [67, 69], "full_name": "Cairo", "supports": [], "market_size": 4}, "model": "rule.province", "pk": 68}, {"fields": {"short_name": "Alx", "area": "6", "commodities": [10], "edition": 1, "province_type": "P", "connected": [68, 70], "full_name": "Alexandria", "supports": [70], "market_size": 5}, "model": "rule.province", "pk": 69}, {"fields": {"short_name": "Lib", "area": "6", "commodities": [], "edition": 1, "province_type": "S", "connected": [69, 95], "full_name": "Libya", "supports": [69], "market_size": 1}, "model": "rule.province", "pk": 70}, {"fields": {"short_name": "Bor", "area": "7", "commodities": [3], "edition": 1, "province_type": "P", "connected": [31, 32, 33, 34, 72, 73, 74], "full_name": "Bordeaux", "supports": [72], "market_size": 4}, "model": "rule.province", "pk": 71}, {"fields": {"short_name": "Tou", "area": "7", "commodities": [], "edition": 1, "province_type": "S", "connected": [42, 43, 71, 74], "full_name": "Toulouse", "supports": [42, 43, 71, 74], "market_size": 1}, "model": "rule.province", "pk": 72}, {"fields": {"short_name": "Lyo", "area": "7", "commodities": [7], "edition": 1, "province_type": "P", "connected": [34, 35, 71, 74, 75, 76, 77], "full_name": "Lyons", "supports": [], "market_size": 4}, "model": "rule.province", "pk": 73}, {"fields": {"short_name": "Mon", "area": "7", "commodities": [1], "edition": 1, "province_type": "P", "connected": [43, 71, 72, 73, 75], "full_name": "Montpelier", "supports": [72], "market_size": 2}, "model": "rule.province", "pk": 74}, {"fields": {"short_name": "Mar", "area": "7", "commodities": [6], "edition": 1, "province_type": "P", "connected": [73, 74, 77], "full_name": "Marseilles", "supports": [82], "market_size": 5}, "model": "rule.province", "pk": 75}, {"fields": {"short_name": "Mil", "area": "7", "commodities": [1], "edition": 1, "province_type": "P", "connected": [35, 36, 73, 77, 78, 79], "full_name": "Milan", "supports": [36], "market_size": 3}, "model": "rule.province", "pk": 76}, {"fields": {"short_name": "Gen", "area": "7", "commodities": [5], "edition": 1, "province_type": "C", "connected": [73, 75, 76, 79, 80], "full_name": "Genoa", "supports": [82], "market_size": 5}, "model": "rule.province", "pk": 77}, {"fields": {"short_name": "Ven", "area": "7", "commodities": [5], "edition": 1, "province_type": "C", "connected": [36, 38, 39, 76, 79, 85], "full_name": "Venice", "supports": [36, 38], "market_size": 4}, "model": "rule.province", "pk": 78}, {"fields": {"short_name": "Flo", "area": "7", "commodities": [5], "edition": 1, "province_type": "P", "connected": [76, 77, 78, 80], "full_name": "Florence", "supports": [], "market_size": 4}, "model": "rule.province", "pk": 79}, {"fields": {"short_name": "Rom", "area": "7", "commodities": [1], "edition": 1, "province_type": "P", "connected": [77, 79, 81], "full_name": "Rome", "supports": [], "market_size": 4}, "model": "rule.province", "pk": 80}, {"fields": {"short_name": "Nap", "area": "7", "commodities": [1], "edition": 1, "province_type": "P", "connected": [80, 83], "full_name": "Naples", "supports": [83], "market_size": 5}, "model": "rule.province", "pk": 81}, {"fields": {"short_name": "Cag", "area": "7", "commodities": [], "edition": 1, "province_type": "S", "connected": [], "full_name": "Cagliari", "supports": [75, 77], "market_size": 1}, "model": "rule.province", "pk": 82}, {"fields": {"short_name": "Bri", "area": "7", "commodities": [], "edition": 1, "province_type": "S", "connected": [81], "full_name": "Bari", "supports": [81, 84], "market_size": 1}, "model": "rule.province", "pk": 83}, {"fields": {"short_name": "Sic", "area": "7", "commodities": [4], "edition": 1, "province_type": "P", "connected": [], "full_name": "Sicily", "supports": [83], "market_size": 2}, "model": "rule.province", "pk": 84}, {"fields": {"short_name": "Dub", "area": "7", "commodities": [3], "edition": 1, "province_type": "P", "connected": [39, 41, 78, 86], "full_name": "Dubrovnik", "supports": [41], "market_size": 3}, "model": "rule.province", "pk": 85}, {"fields": {"short_name": "Bel", "area": "7", "commodities": [4], "edition": 1, "province_type": "P", "connected": [40, 41, 85, 103], "full_name": "Belgrade", "supports": [41, 103], "market_size": 2}, "model": "rule.province", "pk": 86}, {"fields": {"short_name": "WAf", "area": "8", "commodities": [12], "edition": 1, "province_type": "P", "connected": [], "full_name": "West Africa", "supports": [], "market_size": 2}, "model": "rule.province", "pk": 87}, {"fields": {"short_name": "Sev", "area": "7", "commodities": [4], "edition": 1, "province_type": "P", "connected": [45, 46, 89], "full_name": "Seville", "supports": [], "market_size": 3}, "model": "rule.province", "pk": 88}, {"fields": {"short_name": "Gra", "area": "8", "commodities": [7], "edition": 1, "province_type": "P", "connected": [44, 45, 88], "full_name": "Granada", "supports": [], "market_size": 2}, "model": "rule.province", "pk": 89}, {"fields": {"short_name": "Fez", "area": "8", "commodities": [3], "edition": 1, "province_type": "P", "connected": [91], "full_name": "Fez", "supports": [91], "market_size": 2}, "model": "rule.province", "pk": 90}, {"fields": {"short_name": "Ora", "area": "8", "commodities": [], "edition": 1, "province_type": "S", "connected": [90, 92], "full_name": "Oran", "supports": [90, 92], "market_size": 1}, "model": "rule.province", "pk": 91}, {"fields": {"short_name": "Alg", "area": "8", "commodities": [2], "edition": 1, "province_type": "P", "connected": [91, 93], "full_name": "Algiers", "supports": [91], "market_size": 2}, "model": "rule.province", "pk": 92}, {"fields": {"short_name": "Tun", "area": "8", "commodities": [5], "edition": 1, "province_type": "P", "connected": [92, 94], "full_name": "Tunis", "supports": [], "market_size": 4}, "model": "rule.province", "pk": 93}, {"fields": {"short_name": "Tri", "area": "8", "commodities": [12], "edition": 1, "province_type": "P", "connected": [93, 95], "full_name": "Tripoli", "supports": [95], "market_size": 2}, "model": "rule.province", "pk": 94}, {"fields": {"short_name": "Brc", "area": "8", "commodities": [], "edition": 1, "province_type": "S", "connected": [70, 94], "full_name": "Barca", "supports": [94], "market_size": 1}, "model": "rule.province", "pk": 95}, {"fields": {"short_name": "Cre", "area": "8", "commodities": [6], "edition": 1, "province_type": "P", "connected": [], "full_name": "Crete", "supports": [101], "market_size": 3}, "model": "rule.province", "pk": 96}, {"fields": {"short_name": "Smy", "area": "8", "commodities": [2], "edition": 1, "province_type": "P", "connected": [60, 98], "full_name": "Smyrna", "supports": [60], "market_size": 2}, "model": "rule.province", "pk": 97}, {"fields": {"short_name": "Con", "area": "8", "commodities": [7], "edition": 1, "province_type": "P", "connected": [52, 97], "full_name": "Constantinople", "supports": [99], "market_size": 4}, "model": "rule.province", "pk": 98}, {"fields": {"short_name": "Gal", "area": "8", "commodities": [], "edition": 1, "province_type": "S", "connected": [51, 100], "full_name": "Gallipoli", "supports": [51, 98, 100], "market_size": 1}, "model": "rule.province", "pk": 99}, {"fields": {"short_name": "Sal", "area": "8", "commodities": [9], "edition": 1, "province_type": "P", "connected": [99, 101, 102, 103], "full_name": "Salonika", "supports": [99, 101, 102, 103], "market_size": 2}, "model": "rule.province", "pk": 100}, {"fields": {"short_name": "Ath", "area": "8", "commodities": [], "edition": 1, "province_type": "S", "connected": [100, 102], "full_name": "Athens", "supports": [96, 100], "market_size": 1}, "model": "rule.province", "pk": 101}, {"fields": {"short_name": "Crf", "area": "8", "commodities": [], "edition": 1, "province_type": "S", "connected": [100, 101, 103], "full_name": "Corfu", "supports": [100], "market_size": 1}, "model": "rule.province", "pk": 102}, {"fields": {"short_name": "Dur", "area": "8", "commodities": [], "edition": 1, "province_type": "S", "connected": [86, 100, 102], "full_name": "Durazzo", "supports": [86, 100], "market_size": 1}, "model": "rule.province", "pk": 103}, {"fields": {"short_name": "EIn", "area": "F", "commodities": [9, 10], "edition": 1, "province_type": "P", "connected": [], "full_name": "East Indies", "supports": [], "market_size": 5}, "model": "rule.province", "pk": 104}, {"fields": {"short_name": "Chi", "area": "F", "commodities": [9, 10], "edition": 1, "province_type": "P", "connected": [], "full_name": "China", "supports": [], "market_size": 5}, "model": "rule.province", "pk": 105}, {"fields": {"short_name": "Ind", "area": "F", "commodities": [10, 11], "edition": 1, "province_type": "P", "connected": [], "full_name": "India", "supports": [], "market_size": 5}, "model": "rule.province", "pk": 106}, {"fields": {"short_name": "NAm", "area": "N", "commodities": [4, 5, 8], "edition": 1, "province_type": "P", "connected": [], "full_name": "North America", "supports": [], "market_size": 6}, "model": "rule.province", "pk": 107}, {"fields": {"short_name": "SAm", "area": "N", "commodities": [7, 10, 11], "edition": 1, "province_type": "P", "connected": [], "full_name": "South America", "supports": [], "market_size": 6}, "model": "rule.province", "pk": 108}, {"fields": {"short_name": "Ham", "area": "1", "coast_of": 1, "edition": 1, "water_type": "C", "connected": [8, 29, 111], "full_name": "Hamburug"}, "model": "rule.water", "pk": 1}, {"fields": {"short_name": "Lub", "area": "1", "coast_of": 2, "edition": 1, "water_type": "C", "connected": [3, 8], "full_name": "Lubeck"}, "model": "rule.water", "pk": 2}, {"fields": {"short_name": "Ste", "area": "1", "coast_of": 3, "edition": 1, "water_type": "C", "connected": [2, 4, 8, 9, 109], "full_name": "Stettin"}, "model": "rule.water", "pk": 3}, {"fields": {"short_name": "Dan", "area": "1", "coast_of": 4, "edition": 1, "water_type": "C", "connected": [3, 5, 109], "full_name": "Danzig"}, "model": "rule.water", "pk": 4}, {"fields": {"short_name": "Mit", "area": "1", "coast_of": 5, "edition": 1, "water_type": "C", "connected": [4, 6, 109], "full_name": "Mitau"}, "model": "rule.water", "pk": 5}, {"fields": {"short_name": "Rig", "area": "1", "coast_of": 6, "edition": 1, "water_type": "C", "connected": [5, 7, 109], "full_name": "Riga"}, "model": "rule.water", "pk": 6}, {"fields": {"short_name": "Nov", "area": "1", "coast_of": 7, "edition": 1, "water_type": "C", "connected": [6], "full_name": "Novgorod"}, "model": "rule.water", "pk": 7}, {"fields": {"short_name": "Cop", "area": "1", "coast_of": 8, "edition": 1, "water_type": "C", "connected": [1, 2, 3, 9, 12, 111], "full_name": "Copenhagen"}, "model": "rule.water", "pk": 8}, {"fields": {"short_name": "Mal", "area": "1", "coast_of": 9, "edition": 1, "water_type": "C", "connected": [3, 8, 10, 12, 109], "full_name": "Malmo"}, "model": "rule.water", "pk": 9}, {"fields": {"short_name": "Sto", "area": "1", "coast_of": 10, "edition": 1, "water_type": "C", "connected": [9, 11, 109], "full_name": "Stockholm"}, "model": "rule.water", "pk": 10}, {"fields": {"short_name": "Whi", "area": "1", "coast_of": 11, "edition": 1, "water_type": "C", "connected": [10, 109], "full_name": "Whisby"}, "model": "rule.water", "pk": 11}, {"fields": {"short_name": "Kon", "area": "2", "coast_of": 12, "edition": 1, "water_type": "C", "connected": [8, 9, 13, 111], "full_name": "Kongsberg"}, "model": "rule.water", "pk": 12}, {"fields": {"short_name": "Ber", "area": "2", "coast_of": 13, "edition": 1, "water_type": "C", "connected": [12, 14, 111, 112], "full_name": "Bergen"}, "model": "rule.water", "pk": 13}, {"fields": {"short_name": "She", "area": "2", "coast_of": 14, "edition": 1, "water_type": "C", "connected": [13, 16, 110, 111, 112], "full_name": "Shetland"}, "model": "rule.water", "pk": 14}, {"fields": {"short_name": "Ice", "area": "2", "coast_of": 15, "edition": 1, "water_type": "C", "connected": [110], "full_name": "Iceland"}, "model": "rule.water", "pk": 15}, {"fields": {"short_name": "Edi", "area": "2", "coast_of": 16, "edition": 1, "water_type": "C", "connected": [14, 17, 23, 110, 111, 113, 121], "full_name": "Edinburg"}, "model": "rule.water", "pk": 16}, {"fields": {"short_name": "Yor", "area": "2", "coast_of": 17, "edition": 1, "water_type": "C", "connected": [16, 18, 111], "full_name": "York"}, "model": "rule.water", "pk": 17}, {"fields": {"short_name": "Lon", "area": "2", "coast_of": 18, "edition": 1, "water_type": "C", "connected": [17, 30, 31, 111, 124], "full_name": "London"}, "model": "rule.water", "pk": 18}, {"fields": {"short_name": "Cor", "area": "2", "coast_of": 20, "edition": 1, "water_type": "C", "connected": [22, 113, 122, 123, 124], "full_name": "Cornwall"}, "model": "rule.water", "pk": 20}, {"fields": {"short_name": "Wal", "area": "2", "coast_of": 22, "edition": 1, "water_type": "C", "connected": [20, 23, 24, 113, 121, 122], "full_name": "Wales"}, "model": "rule.water", "pk": 22}, {"fields": {"short_name": "Arm", "area": "2", "coast_of": 23, "edition": 1, "water_type": "C", "connected": [16, 22, 24, 113, 121], "full_name": "Armagh"}, "model": "rule.water", "pk": 23}, {"fields": {"short_name": "Wat", "area": "2", "coast_of": 24, "edition": 1, "water_type": "C", "connected": [22, 23, 113], "full_name": "Waterford"}, "model": "rule.water", "pk": 24}, {"fields": {"short_name": "Ams", "area": "3", "coast_of": 29, "edition": 1, "water_type": "C", "connected": [1, 30, 111], "full_name": "Amsterdam"}, "model": "rule.water", "pk": 29}, {"fields": {"short_name": "Bru", "area": "3", "coast_of": 30, "edition": 1, "water_type": "C", "connected": [18, 29, 31, 111], "full_name": "Bruges"}, "model": "rule.water", "pk": 30}, {"fields": {"short_name": "Par", "area": "3", "coast_of": 31, "edition": 1, "water_type": "C", "connected": [18, 30, 32, 124], "full_name": "Paris"}, "model": "rule.water", "pk": 31}, {"fields": {"short_name": "StM", "area": "3", "coast_of": 32, "edition": 1, "water_type": "C", "connected": [31, 71, 113, 124], "full_name": "St.Malo"}, "model": "rule.water", "pk": 32}, {"fields": {"short_name": "Bsq", "area": "4", "coast_of": 42, "edition": 1, "water_type": "C", "connected": [47, 72, 113], "full_name": "Basque"}, "model": "rule.water", "pk": 42}, {"fields": {"short_name": "Bar", "area": "4", "coast_of": 43, "edition": 1, "water_type": "C", "connected": [44, 48, 74, 117], "full_name": "Barcelona"}, "model": "rule.water", "pk": 43}, {"fields": {"short_name": "Val", "area": "4", "coast_of": 44, "edition": 1, "water_type": "C", "connected": [43, 48, 89, 117], "full_name": "Valencia"}, "model": "rule.water", "pk": 44}, {"fields": {"short_name": "Lis", "area": "4", "coast_of": 46, "edition": 1, "water_type": "C", "connected": [47, 88, 113], "full_name": "Lisbon"}, "model": "rule.water", "pk": 46}, {"fields": {"short_name": "Leo", "area": "4", "coast_of": 47, "edition": 1, "water_type": "C", "connected": [42, 46, 113], "full_name": "Leon"}, "model": "rule.water", "pk": 47}, {"fields": {"short_name": "Pal", "area": "4", "coast_of": 48, "edition": 1, "water_type": "C", "connected": [43, 44, 117], "full_name": "Palma"}, "model": "rule.water", "pk": 48}, {"fields": {"short_name": "Kaf", "area": "5", "coast_of": 50, "edition": 1, "water_type": "C", "connected": [51, 57, 114], "full_name": "Kaffa"}, "model": "rule.water", "pk": 50}, {"fields": {"short_name": "Var", "area": "5", "coast_of": 51, "edition": 1, "water_type": "C", "connected": [50, 99, 114], "full_name": "Varna"}, "model": "rule.water", "pk": 51}, {"fields": {"short_name": "Ang", "area": "5", "coast_of": 52, "edition": 1, "water_type": "C", "connected": [53, 98, 114], "full_name": "Angora"}, "model": "rule.water", "pk": 52}, {"fields": {"short_name": "Tre", "area": "5", "coast_of": 53, "edition": 1, "water_type": "C", "connected": [52, 54, 114], "full_name": "Trebizond"}, "model": "rule.water", "pk": 53}, {"fields": {"short_name": "Erz", "area": "5", "coast_of": 54, "edition": 1, "water_type": "C", "connected": [53, 55, 114], "full_name": "Erzerum"}, "model": "rule.water", "pk": 54}, {"fields": {"short_name": "Pot", "area": "5", "coast_of": 55, "edition": 1, "water_type": "C", "connected": [54, 56, 114], "full_name": "Poti"}, "model": "rule.water", "pk": 55}, {"fields": {"short_name": "Aba", "area": "5", "coast_of": 56, "edition": 1, "water_type": "C", "connected": [55, 57, 114], "full_name": "Abasigia"}, "model": "rule.water", "pk": 56}, {"fields": {"short_name": "Tan", "area": "5", "coast_of": 57, "edition": 1, "water_type": "C", "connected": [50, 56, 114], "full_name": "Tana"}, "model": "rule.water", "pk": 57}, {"fields": {"short_name": "Ada", "area": "6", "coast_of": 60, "edition": 1, "water_type": "C", "connected": [61, 62, 97, 115], "full_name": "Adalia"}, "model": "rule.water", "pk": 60}, {"fields": {"short_name": "Tar", "area": "6", "coast_of": 61, "edition": 1, "water_type": "C", "connected": [60, 62, 63], "full_name": "Tarsus"}, "model": "rule.water", "pk": 61}, {"fields": {"short_name": "Cyp", "area": "6", "coast_of": 62, "edition": 1, "water_type": "C", "connected": [60, 61, 63, 64, 115], "full_name": "Cyprus"}, "model": "rule.water", "pk": 62}, {"fields": {"short_name": "Ale", "area": "5", "coast_of": 63, "edition": 1, "water_type": "C", "connected": [61, 62, 64], "full_name": "Aleppo"}, "model": "rule.water", "pk": 63}, {"fields": {"short_name": "Lev", "area": "6", "coast_of": 64, "edition": 1, "water_type": "C", "connected": [62, 63, 65, 115], "full_name": "Levant"}, "model": "rule.water", "pk": 64}, {"fields": {"short_name": "Acr", "area": "6", "coast_of": 65, "edition": 1, "water_type": "C", "connected": [64, 66, 115], "full_name": "Acre"}, "model": "rule.water", "pk": 65}, {"fields": {"short_name": "Jer", "area": "6", "coast_of": 66, "edition": 1, "water_type": "C", "connected": [65, 67, 115], "full_name": "Jerusalem"}, "model": "rule.water", "pk": 66}, {"fields": {"short_name": "Sue", "area": "6", "coast_of": 67, "edition": 1, "water_type": "C", "connected": [66, 68, 115], "full_name": "Suez"}, "model": "rule.water", "pk": 67}, {"fields": {"short_name": "Cai", "area": "6", "coast_of": 68, "edition": 1, "water_type": "C", "connected": [67, 69, 115], "full_name": "Cairo"}, "model": "rule.water", "pk": 68}, {"fields": {"short_name": "Alx", "area": "6", "coast_of": 69, "edition": 1, "water_type": "C", "connected": [68, 70, 115], "full_name": "Alexandria"}, "model": "rule.water", "pk": 69}, {"fields": {"short_name": "Lib", "area": "6", "coast_of": 70, "edition": 1, "water_type": "C", "connected": [69, 95, 116], "full_name": "Libya"}, "model": "rule.water", "pk": 70}, {"fields": {"short_name": "Bor", "area": "7", "coast_of": 71, "edition": 1, "water_type": "C", "connected": [32, 72, 113], "full_name": "Bordeaux"}, "model": "rule.water", "pk": 71}, {"fields": {"short_name": "Tou", "area": "7", "coast_of": 72, "edition": 1, "water_type": "C", "connected": [42, 71, 113], "full_name": "Toulouse"}, "model": "rule.water", "pk": 72}, {"fields": {"short_name": "Mon", "area": "7", "coast_of": 74, "edition": 1, "water_type": "C", "connected": [43, 75, 117], "full_name": "Montpelier"}, "model": "rule.water", "pk": 74}, {"fields": {"short_name": "Mar", "area": "7", "coast_of": 75, "edition": 1, "water_type": "C", "connected": [74, 77, 82, 117], "full_name": "Marseilles"}, "model": "rule.water", "pk": 75}, {"fields": {"short_name": "Gen", "area": "7", "coast_of": 77, "edition": 1, "water_type": "C", "connected": [75, 82, 117, 125], "full_name": "Genoa"}, "model": "rule.water", "pk": 77}, {"fields": {"short_name": "Ven", "area": "7", "coast_of": 78, "edition": 1, "water_type": "C", "connected": [79, 85, 118], "full_name": "Venice"}, "model": "rule.water", "pk": 78}, {"fields": {"short_name": "Flo", "area": "7", "coast_of": 79, "edition": 1, "water_type": "C", "connected": [78, 118, 126], "full_name": "Florence"}, "model": "rule.water", "pk": 79}, {"fields": {"short_name": "Cag", "area": "7", "coast_of": 82, "edition": 1, "water_type": "C", "connected": [75, 77, 117], "full_name": "Cagliari"}, "model": "rule.water", "pk": 82}, {"fields": {"short_name": "Bri", "area": "7", "coast_of": 83, "edition": 1, "water_type": "C", "connected": [84, 102, 103, 116, 117, 118, 127, 128], "full_name": "Bari"}, "model": "rule.water", "pk": 83}, {"fields": {"short_name": "Sic", "area": "7", "coast_of": 84, "edition": 1, "water_type": "C", "connected": [83, 93, 116, 117], "full_name": "Sicily"}, "model": "rule.water", "pk": 84}, {"fields": {"short_name": "Dub", "area": "7", "coast_of": 85, "edition": 1, "water_type": "C", "connected": [78, 86, 118], "full_name": "Dubrovnik"}, "model": "rule.water", "pk": 85}, {"fields": {"short_name": "Bel", "area": "7", "coast_of": 86, "edition": 1, "water_type": "C", "connected": [85, 103, 118], "full_name": "Belgrade"}, "model": "rule.water", "pk": 86}, {"fields": {"short_name": "WAf", "area": "8", "coast_of": 87, "edition": 1, "water_type": "C", "connected": [120], "full_name": "West Africa"}, "model": "rule.water", "pk": 87}, {"fields": {"short_name": "Sev", "area": "7", "coast_of": 88, "edition": 1, "water_type": "C", "connected": [46, 89, 90, 113, 120], "full_name": "Seville"}, "model": "rule.water", "pk": 88}, {"fields": {"short_name": "Gra", "area": "8", "coast_of": 89, "edition": 1, "water_type": "C", "connected": [44, 88, 90, 117], "full_name": "Granada"}, "model": "rule.water", "pk": 89}, {"fields": {"short_name": "Fez", "area": "8", "coast_of": 90, "edition": 1, "water_type": "C", "connected": [88, 89, 91, 117, 120], "full_name": "Fez"}, "model": "rule.water", "pk": 90}, {"fields": {"short_name": "Ora", "area": "8", "coast_of": 91, "edition": 1, "water_type": "C", "connected": [90, 92, 117], "full_name": "Oran"}, "model": "rule.water", "pk": 91}, {"fields": {"short_name": "Alg", "area": "8", "coast_of": 92, "edition": 1, "water_type": "C", "connected": [91, 93, 117], "full_name": "Algiers"}, "model": "rule.water", "pk": 92}, {"fields": {"short_name": "Tun", "area": "8", "coast_of": 93, "edition": 1, "water_type": "C", "connected": [84, 92, 94, 116, 117], "full_name": "Tunis"}, "model": "rule.water", "pk": 93}, {"fields": {"short_name": "Tri", "area": "8", "coast_of": 94, "edition": 1, "water_type": "C", "connected": [93, 95, 116], "full_name": "Tripoli"}, "model": "rule.water", "pk": 94}, {"fields": {"short_name": "Brc", "area": "8", "coast_of": 95, "edition": 1, "water_type": "C", "connected": [70, 94, 116], "full_name": "Barca"}, "model": "rule.water", "pk": 95}, {"fields": {"short_name": "Cre", "area": "8", "coast_of": 96, "edition": 1, "water_type": "C", "connected": [101, 115, 116, 119], "full_name": "Crete"}, "model": "rule.water", "pk": 96}, {"fields": {"short_name": "Smy", "area": "8", "coast_of": 97, "edition": 1, "water_type": "C", "connected": [60, 98, 115, 119], "full_name": "Smyrna"}, "model": "rule.water", "pk": 97}, {"fields": {"short_name": "Con", "area": "8", "coast_of": 98, "edition": 1, "water_type": "C", "connected": [52, 97, 99, 114, 119], "full_name": "Constantinople"}, "model": "rule.water", "pk": 98}, {"fields": {"short_name": "Gal", "area": "8", "coast_of": 99, "edition": 1, "water_type": "C", "connected": [51, 98, 100, 114, 119], "full_name": "Gallipoli"}, "model": "rule.water", "pk": 99}, {"fields": {"short_name": "Sal", "area": "8", "coast_of": 100, "edition": 1, "water_type": "C", "connected": [99, 101, 119], "full_name": "Salonika"}, "model": "rule.water", "pk": 100}, {"fields": {"short_name": "Ath", "area": "8", "coast_of": 101, "edition": 1, "water_type": "C", "connected": [96, 100, 102, 116, 119], "full_name": "Athens"}, "model": "rule.water", "pk": 101}, {"fields": {"short_name": "Crf", "area": "8", "coast_of": 102, "edition": 1, "water_type": "C", "connected": [83, 101, 103, 116], "full_name": "Corfu"}, "model": "rule.water", "pk": 102}, {"fields": {"short_name": "Dur", "area": "8", "coast_of": 103, "edition": 1, "water_type": "C", "connected": [83, 86, 102, 118], "full_name": "Durazzo"}, "model": "rule.water", "pk": 103}, {"fields": {"short_name": "Bal", "area": "1", "coast_of": null, "edition": 1, "water_type": "S", "connected": [3, 4, 5, 6, 9, 10, 11], "full_name": "Baltic Sea"}, "model": "rule.water", "pk": 109}, {"fields": {"short_name": "Gre", "area": "2", "coast_of": null, "edition": 1, "water_type": "S", "connected": [14, 15, 16, 112, 113], "full_name": "Greenland Sea"}, "model": "rule.water", "pk": 110}, {"fields": {"short_name": "Nor", "area": "X", "coast_of": null, "edition": 1, "water_type": "S", "connected": [1, 8, 12, 13, 14, 16, 17, 18, 29, 30], "full_name": "North Sea"}, "model": "rule.water", "pk": 111}, {"fields": {"short_name": "Now", "area": "X", "coast_of": null, "edition": 1, "water_type": "S", "connected": [13, 14, 110], "full_name": "Norwegian Sea"}, "model": "rule.water", "pk": 112}, {"fields": {"short_name": "Bis", "area": "X", "coast_of": null, "edition": 1, "water_type": "S", "connected": [16, 20, 22, 23, 24, 32, 42, 46, 47, 71, 72, 88, 110, 124], "full_name": "Bay of Biscay"}, "model": "rule.water", "pk": 113}, {"fields": {"short_name": "Bla", "area": "5", "coast_of": null, "edition": 1, "water_type": "S", "connected": [50, 51, 52, 53, 54, 55, 56, 57, 98, 99], "full_name": "Black Sea"}, "model": "rule.water", "pk": 114}, {"fields": {"short_name": "EMS", "area": "6", "coast_of": null, "edition": 1, "water_type": "S", "connected": [60, 62, 64, 65, 66, 67, 68, 69, 96, 97], "full_name": "Eastern Mediterranean Sea"}, "model": "rule.water", "pk": 115}, {"fields": {"short_name": "CMS", "area": "8", "coast_of": null, "edition": 1, "water_type": "S", "connected": [70, 83, 84, 93, 94, 95, 96, 101, 102], "full_name": "Central Mediterranean Sea"}, "model": "rule.water", "pk": 116}, {"fields": {"short_name": "WMS", "area": "X", "coast_of": null, "edition": 1, "water_type": "S", "connected": [43, 44, 48, 74, 75, 77, 82, 83, 84, 89, 90, 91, 92, 93, 125, 127], "full_name": "Western Mediterranean Sea"}, "model": "rule.water", "pk": 117}, {"fields": {"short_name": "Adr", "area": "7", "coast_of": null, "edition": 1, "water_type": "S", "connected": [78, 79, 83, 85, 86, 103, 126, 128], "full_name": "Adriatic Sea"}, "model": "rule.water", "pk": 118}, {"fields": {"short_name": "Aeg", "area": "8", "coast_of": null, "edition": 1, "water_type": "S", "connected": [96, 97, 98, 99, 100, 101], "full_name": "Aegea Sea"}, "model": "rule.water", "pk": 119}, {"fields": {"short_name": "Can", "area": "8", "coast_of": null, "edition": 1, "water_type": "S", "connected": [87, 88, 90], "full_name": "Canary Basin"}, "model": "rule.water", "pk": 120}, {"fields": {"short_name": "ChN", "area": "2", "coast_of": 21, "edition": 1, "water_type": "C", "connected": [16, 22, 23], "full_name": "Chester (N)"}, "model": "rule.water", "pk": 121}, {"fields": {"short_name": "ChS", "area": "2", "coast_of": 21, "edition": 1, "water_type": "C", "connected": [20, 22, 123], "full_name": "Chester (S)"}, "model": "rule.water", "pk": 122}, {"fields": {"short_name": "PoN", "area": "2", "coast_of": 19, "edition": 1, "water_type": "C", "connected": [20, 122], "full_name": "Portsmouth (N)"}, "model": "rule.water", "pk": 123}, {"fields": {"short_name": "PoS", "area": "2", "coast_of": 19, "edition": 1, "water_type": "C", "connected": [18, 20, 31, 32, 113], "full_name": "Portsmouth (S)"}, "model": "rule.water", "pk": 124}, {"fields": {"short_name": "RoW", "area": "7", "coast_of": 80, "edition": 1, "water_type": "C", "connected": [77, 117, 127], "full_name": "Rome (W)"}, "model": "rule.water", "pk": 125}, {"fields": {"short_name": "RoE", "area": "7", "coast_of": 80, "edition": 1, "water_type": "C", "connected": [79, 118, 128], "full_name": "Rome (E)"}, "model": "rule.water", "pk": 126}, {"fields": {"short_name": "NaW", "area": "7", "coast_of": 81, "edition": 1, "water_type": "C", "connected": [83, 117, 125], "full_name": "Naples (W)"}, "model": "rule.water", "pk": 127}, {"fields": {"short_name": "NaE", "area": "7", "coast_of": 81, "edition": 1, "water_type": "C", "connected": [83, 118, 126], "full_name": "Naples (E)"}, "model": "rule.water", "pk": 128}]